{
  "condition": "minecraft:inverted",
  "term": {
    "condition": "minecraft:alternative",
    "terms": [
      { "condition": "minecraft:entity_properties", "entity": "this", "predicate": { "equipment": { "chest": { "item": "minecraft:leather_chestplate" } } } },
      { "condition": "minecraft:entity_properties", "entity": "this", "predicate": { "equipment": { "chest": { "item": "minecraft:chainmail_chestplate" } } } },
      { "condition": "minecraft:entity_properties", "entity": "this", "predicate": { "equipment": { "chest": { "item": "minecraft:iron_chestplate" } } } },
      { "condition": "minecraft:entity_properties", "entity": "this", "predicate": { "equipment": { "chest": { "item": "minecraft:golden_chestplate" } } } },
      { "condition": "minecraft:entity_properties", "entity": "this", "predicate": { "equipment": { "chest": { "item": "minecraft:diamond_chestplate" } } } },
      { "condition": "minecraft:entity_properties", "entity": "this", "predicate": { "equipment": { "chest": { "item": "minecraft:netherite_chestplate" } } } }
    ]
  }
}