{
  "condition": "minecraft:inverted",
  "term": {
    "condition": "minecraft:alternative",
    "terms": [
      { "condition": "minecraft:entity_properties", "entity": "this", "predicate": { "equipment": { "head": { "item": "minecraft:leather_helmet" } } } },
      { "condition": "minecraft:entity_properties", "entity": "this", "predicate": { "equipment": { "head": { "item": "minecraft:chainmail_helmet" } } } },
      { "condition": "minecraft:entity_properties", "entity": "this", "predicate": { "equipment": { "head": { "item": "minecraft:iron_helmet" } } } },
      { "condition": "minecraft:entity_properties", "entity": "this", "predicate": { "equipment": { "head": { "item": "minecraft:golden_helmet" } } } },
      { "condition": "minecraft:entity_properties", "entity": "this", "predicate": { "equipment": { "head": { "item": "minecraft:diamond_helmet" } } } },
      { "condition": "minecraft:entity_properties", "entity": "this", "predicate": { "equipment": { "head": { "item": "minecraft:netherite_helmet" } } } },
      { "condition": "minecraft:entity_properties", "entity": "this", "predicate": { "equipment": { "head": { "item": "minecraft:turtle_helmet" } } } }
    ]
  }
}