{
  "condition": "minecraft:inverted",
  "term": {
    "condition": "minecraft:alternative",
    "terms": [
      { "condition": "minecraft:entity_properties", "entity": "this", "predicate": { "equipment": { "feet": { "item": "minecraft:leather_boots" } } } },
      { "condition": "minecraft:entity_properties", "entity": "this", "predicate": { "equipment": { "feet": { "item": "minecraft:chainmail_boots" } } } },
      { "condition": "minecraft:entity_properties", "entity": "this", "predicate": { "equipment": { "feet": { "item": "minecraft:iron_boots" } } } },
      { "condition": "minecraft:entity_properties", "entity": "this", "predicate": { "equipment": { "feet": { "item": "minecraft:golden_boots" } } } },
      { "condition": "minecraft:entity_properties", "entity": "this", "predicate": { "equipment": { "feet": { "item": "minecraft:diamond_boots" } } } },
      { "condition": "minecraft:entity_properties", "entity": "this", "predicate": { "equipment": { "feet": { "item": "minecraft:netherite_boots" } } } }
    ]
  }
}