{
  "condition": "minecraft:inverted",
  "term": {
    "condition": "minecraft:alternative",
    "terms": [
      { "condition": "minecraft:entity_properties", "entity": "this", "predicate": { "equipment": { "legs": { "item": "minecraft:leather_leggings" } } } },
      { "condition": "minecraft:entity_properties", "entity": "this", "predicate": { "equipment": { "legs": { "item": "minecraft:chainmail_leggings" } } } },
      { "condition": "minecraft:entity_properties", "entity": "this", "predicate": { "equipment": { "legs": { "item": "minecraft:iron_leggings" } } } },
      { "condition": "minecraft:entity_properties", "entity": "this", "predicate": { "equipment": { "legs": { "item": "minecraft:golden_leggings" } } } },
      { "condition": "minecraft:entity_properties", "entity": "this", "predicate": { "equipment": { "legs": { "item": "minecraft:diamond_leggings" } } } },
      { "condition": "minecraft:entity_properties", "entity": "this", "predicate": { "equipment": { "legs": { "item": "minecraft:netherite_leggings" } } } }
    ]
  }
}