{
    "providers": [
        {
          "type": "ttf",
          "file": "minecraft:negative_spaces.ttf",
          "shift": [0.0, 0.0],
          "size": 10.0,
          "oversample": 1.0
        },
        {
            "type": "bitmap",
            "file": "minecraft:armour_icon/0.png",
            "ascent": -6,
            "height": 9,
            "chars": ["\uE100"]
        },
        {
          "type": "bitmap",
          "file": "minecraft:armour_icon/0.png",
          "ascent": -16,
          "height": 9,
          "chars": ["\uE200"]
        },
        {
          "type": "bitmap",
          "file": "minecraft:armour_icon/1.png",
          "ascent": -6,
          "height": 9,
          "chars": ["\uE101"]
        },
        {
          "type": "bitmap",
          "file": "minecraft:armour_icon/1.png",
          "ascent": -16,
          "height": 9,
          "chars": ["\uE201"]
        },
        {
          "type": "bitmap",
          "file": "minecraft:armour_icon/2.png",
          "ascent": -6,
          "height": 9,
          "chars": ["\uE102"]
        },
        {
          "type": "bitmap",
          "file": "minecraft:armour_icon/2.png",
          "ascent": -16,
          "height": 9,
          "chars": ["\uE202"]
        },
        {
          "type": "bitmap",
          "file": "minecraft:armour_icon/3.png",
          "ascent": -6,
          "height": 9,
          "chars": ["\uE103"]
        },
        {
          "type": "bitmap",
          "file": "minecraft:armour_icon/3.png",
          "ascent": -16,
          "height": 9,
          "chars": ["\uE203"]
        },
        {
          "type": "bitmap",
          "file": "minecraft:armour_icon/4.png",
          "ascent": -6,
          "height": 9,
          "chars": ["\uE104"]
        },
        {
          "type": "bitmap",
          "file": "minecraft:armour_icon/4.png",
          "ascent": -16,
          "height": 9,
          "chars": ["\uE204"]
        },
        {
          "type": "bitmap",
          "file": "minecraft:armour_icon/5.png",
          "ascent": -6,
          "height": 9,
          "chars": ["\uE105"]
        },
        {
          "type": "bitmap",
          "file": "minecraft:armour_icon/5.png",
          "ascent": -16,
          "height": 9,
          "chars": ["\uE205"]
        },
        {
          "type": "bitmap",
          "file": "minecraft:armour_icon/6.png",
          "ascent": -6,
          "height": 9,
          "chars": ["\uE106"]
        },
        {
          "type": "bitmap",
          "file": "minecraft:armour_icon/6.png",
          "ascent": -16,
          "height": 9,
          "chars": ["\uE206"]
        },
        {
          "type": "bitmap",
          "file": "minecraft:armour_icon/7.png",
          "ascent": -6,
          "height": 9,
          "chars": ["\uE107"]
        },
        {
          "type": "bitmap",
          "file": "minecraft:armour_icon/7.png",
          "ascent": -16,
          "height": 9,
          "chars": ["\uE207"]
        },
        {
          "type": "bitmap",
          "file": "minecraft:armour_icon_left/1.png",
          "ascent": -6,
          "height": 9,
          "chars": ["\uE111"]
        },
        {
          "type": "bitmap",
          "file": "minecraft:armour_icon_left/1.png",
          "ascent": -16,
          "height": 9,
          "chars": ["\uE211"]
        },
        {
          "type": "bitmap",
          "file": "minecraft:armour_icon_left/2.png",
          "ascent": -6,
          "height": 9,
          "chars": ["\uE112"]
        },
        {
          "type": "bitmap",
          "file": "minecraft:armour_icon_left/2.png",
          "ascent": -16,
          "height": 9,
          "chars": ["\uE212"]
        },
        {
          "type": "bitmap",
          "file": "minecraft:armour_icon_left/3.png",
          "ascent": -6,
          "height": 9,
          "chars": ["\uE113"]
        },
        {
          "type": "bitmap",
          "file": "minecraft:armour_icon_left/3.png",
          "ascent": -16,
          "height": 9,
          "chars": ["\uE213"]
        },
        {
          "type": "bitmap",
          "file": "minecraft:armour_icon_left/4.png",
          "ascent": -6,
          "height": 9,
          "chars": ["\uE114"]
        },
        {
          "type": "bitmap",
          "file": "minecraft:armour_icon_left/4.png",
          "ascent": -16,
          "height": 9,
          "chars": ["\uE214"]
        },
        {
          "type": "bitmap",
          "file": "minecraft:armour_icon_left/5.png",
          "ascent": -6,
          "height": 9,
          "chars": ["\uE115"]
        },
        {
          "type": "bitmap",
          "file": "minecraft:armour_icon_left/5.png",
          "ascent": -16,
          "height": 9,
          "chars": ["\uE215"]
        },
        {
          "type": "bitmap",
          "file": "minecraft:armour_icon_left/6.png",
          "ascent": -6,
          "height": 9,
          "chars": ["\uE116"]
        },
        {
          "type": "bitmap",
          "file": "minecraft:armour_icon_left/6.png",
          "ascent": -16,
          "height": 9,
          "chars": ["\uE216"]
        },
        {
          "type": "bitmap",
          "file": "minecraft:armour_icon_right/0.png",
          "ascent": -6,
          "height": 9,
          "chars": ["\uE120"]
        },
        {
          "type": "bitmap",
          "file": "minecraft:armour_icon_right/0.png",
          "ascent": -16,
          "height": 9,
          "chars": ["\uE220"]
        },
        {
          "type": "bitmap",
          "file": "minecraft:armour_icon_right/1.png",
          "ascent": -6,
          "height": 9,
          "chars": ["\uE121"]
        },
        {
          "type": "bitmap",
          "file": "minecraft:armour_icon_right/1.png",
          "ascent": -16,
          "height": 9,
          "chars": ["\uE221"]
        },
        {
          "type": "bitmap",
          "file": "minecraft:armour_icon_right/2.png",
          "ascent": -6,
          "height": 9,
          "chars": ["\uE122"]
        },
        {
          "type": "bitmap",
          "file": "minecraft:armour_icon_right/2.png",
          "ascent": -16,
          "height": 9,
          "chars": ["\uE222"]
        },
        {
          "type": "bitmap",
          "file": "minecraft:armour_icon_right/3.png",
          "ascent": -6,
          "height": 9,
          "chars": ["\uE123"]
        },
        {
          "type": "bitmap",
          "file": "minecraft:armour_icon_right/3.png",
          "ascent": -16,
          "height": 9,
          "chars": ["\uE223"]
        },
        {
          "type": "bitmap",
          "file": "minecraft:armour_icon_right/4.png",
          "ascent": -6,
          "height": 9,
          "chars": ["\uE124"]
        },
        {
          "type": "bitmap",
          "file": "minecraft:armour_icon_right/4.png",
          "ascent": -16,
          "height": 9,
          "chars": ["\uE224"]
        },
        {
          "type": "bitmap",
          "file": "minecraft:armour_icon_right/5.png",
          "ascent": -6,
          "height": 9,
          "chars": ["\uE125"]
        },
        {
          "type": "bitmap",
          "file": "minecraft:armour_icon_right/5.png",
          "ascent": -16,
          "height": 9,
          "chars": ["\uE225"]
        },
        {
          "type": "bitmap",
          "file": "minecraft:armour_icon_right/6.png",
          "ascent": -6,
          "height": 9,
          "chars": ["\uE126"]
        },
        {
          "type": "bitmap",
          "file": "minecraft:armour_icon_right/6.png",
          "ascent": -16,
          "height": 9,
          "chars": ["\uE226"]
        },
        {
          "type": "bitmap",
          "file": "minecraft:elytra/0.png",
          "ascent": -6,
          "height": 9,
          "chars": ["\uE130"]
        },
        {
          "type": "bitmap",
          "file": "minecraft:elytra/1.png",
          "ascent": -6,
          "height": 9,
          "chars": ["\uE131"]
        }
    ]
}
